<?xml version="1.0" encoding="utf-8" ?>
<extension version="3.4.1" type="template">
	<name>Template</name>
	<creationDate>25/05/2015</creationDate>
	<author>Tableless</author>
	<authorEmail>contato@tableless.com.br</authorEmail>
	<authorUrl>http://www.tableless.com.br</authorUrl>
	<copyright>© 2015 Tableless. Todos os direitos reservados.</copyright>
	<license>GNU/GPL</license>
	<version>1.0</version>
	<description>Template.</description>
	<files>
		<folder>css</folder>
		<folder>images</folder>
		<filename>index.php</filename>
		<filename>templateDetails.xml</filename>
		<filename>index.html</filename>
	</files>
	<positions>
		<position>breadcrumb</position>
		<position>mainmenu</position>
		<position>aside</position>
	</positions>
</extension>